#{"t_start": 1674129602.188181, "env_id": "MiniGrid-DoorKey-6x6-v0"}
r,l,t
0.9675,13,0.133086
0.975,10,0.180188
0.96,16,0.253442
0.9675,13,0.312652
