#{"t_start": 1674129602.211859, "env_id": "MiniGrid-DoorKey-6x6-v0"}
r,l,t
0.96,16,0.124373
0.9625,15,0.194028
0.9625,15,0.262852
