#{"t_start": 1673477251.848382, "env_id": "MiniGrid-DoorKey-6x6-v0"}
r,l,t
0,360,14.838919
0,360,24.947702
0,360,35.066534
0,360,51.586585
