#{"t_start": 1674214783.2732575, "env_id": "MiniGrid-RedBlueDoors-6x6-v0"}
r,l,t
0,720,3.076765
0,720,5.840899
