#{"t_start": 1674130563.6460009, "env_id": "MiniGrid-RedBlueDoors-6x6-v0"}
r,l,t
0,720,3.620824
0,720,6.542796
