#{"t_start": 1673477251.7882571, "env_id": "MiniGrid-DoorKey-6x6-v0"}
r,l,t
0,360,14.899163
0,360,25.007925
0,360,35.126782
0,360,51.646753
