#{"t_start": 1673477251.802927, "env_id": "MiniGrid-DoorKey-6x6-v0"}
r,l,t
0,360,14.884452
0,360,24.993307
0,360,35.112077
0,360,51.632367
