#{"t_start": 1674214783.5128136, "env_id": "MiniGrid-RedBlueDoors-6x6-v0"}
r,l,t
0,720,2.837302
0,720,5.601593
