#{"t_start": 1673477251.83023, "env_id": "MiniGrid-DoorKey-6x6-v0"}
r,l,t
0,360,14.857176
0,360,24.966242
0,360,35.084925
0,360,51.604955
