#{"t_start": 1674129602.1794932, "env_id": "MiniGrid-DoorKey-6x6-v0"}
r,l,t
0.9625,15,0.151734
0.975,10,0.198806
0.97,12,0.253134
0.975,10,0.300306
