#{"t_start": 1673477251.8216991, "env_id": "MiniGrid-DoorKey-6x6-v0"}
r,l,t
0,360,14.866072
0,360,24.974598
0,360,35.093925
0,360,51.613583
