#{"t_start": 1673477251.8244748, "env_id": "MiniGrid-DoorKey-6x6-v0"}
r,l,t
0,360,14.86312
0,360,24.972023
0,360,35.091077
0,360,51.610822
