#{"t_start": 1674130563.6102972, "env_id": "MiniGrid-RedBlueDoors-6x6-v0"}
r,l,t
0,720,3.654666
0,720,6.577802
