#{"t_start": 1674129602.240611, "env_id": "MiniGrid-DoorKey-6x6-v0"}
r,l,t
0.9475,21,0.118862
0.9675,13,0.177526
0.98,8,0.214807
0.9725,11,0.265379
