#{"t_start": 1674129602.115624, "env_id": "MiniGrid-DoorKey-6x6-v0"}
r,l,t
0.9075,37,0.315957
0.96,16,0.390361
