#{"t_start": 1674129602.181102, "env_id": "MiniGrid-DoorKey-6x6-v0"}
r,l,t
0.9625,15,0.149646
0.97,12,0.205186
