#{"t_start": 1674129602.2277372, "env_id": "MiniGrid-DoorKey-6x6-v0"}
r,l,t
0.9575,17,0.113823
0.9675,13,0.172681
0.96,16,0.246307
