#{"t_start": 1674129602.2031438, "env_id": "MiniGrid-DoorKey-6x6-v0"}
r,l,t
0.9075,37,0.22898
0.975,10,0.276322
