#{"t_start": 1674129602.226457, "env_id": "MiniGrid-DoorKey-6x6-v0"}
r,l,t
0.97,12,0.089941
0.98,8,0.129134
0.975,10,0.174191
0.98,8,0.210724
