{"initial_reset_timestamp": 1014.897389821, "timestamps": [1015.191589067], "episode_lengths": [33], "episode_rewards": [0.883984375], "episode_types": ["t"]}